{
  "deepseek-coder-1.3b-instruct.Q4_K_M": {
    "direct": {
      "overall_score": 0.39285714285714285,
      "tier1_score": 0.39285714285714285,
      "tier2_score": 0.0,
      "total_time": 33.5,
      "total_prompt_tokens": 725,
      "tests": {
        "t_iter_01_reusable_range": {
          "score": 0.5714285714285714,
          "tests_passed": 4,
          "tests_total": 7,
          "response_time": 7.172000000020489,
          "prompt_tokens": 180
        },
        "t_ctx_01_timer": {
          "score": 1.0,
          "tests_passed": 4,
          "tests_total": 4,
          "response_time": 5.4689999999827705,
          "prompt_tokens": 162
        },
        "t_desc_01_typed_field": {
          "score": 0.0,
          "tests_passed": 0,
          "tests_total": 8,
          "response_time": 13.514999999955762,
          "prompt_tokens": 222
        },
        "t_thread_01_safe_counter": {
          "score": 0.0,
          "tests_passed": 0,
          "tests_total": 6,
          "response_time": 7.344000000040978,
          "prompt_tokens": 161
        }
      }
    },
    "flat": {
      "overall_score": 0.4642857142857143,
      "tier1_score": 0.4642857142857143,
      "tier2_score": 0.0,
      "total_time": 64.31300000002375,
      "total_prompt_tokens": 2397,
      "tests": {
        "t_iter_01_reusable_range": {
          "score": 0.8571428571428571,
          "tests_passed": 6,
          "tests_total": 7,
          "response_time": 9.46899999998277,
          "prompt_tokens": 608
        },
        "t_ctx_01_timer": {
          "score": 1.0,
          "tests_passed": 4,
          "tests_total": 4,
          "response_time": 6.797000000020489,
          "prompt_tokens": 419
        },
        "t_desc_01_typed_field": {
          "score": 0.0,
          "tests_passed": 0,
          "tests_total": 8,
          "response_time": 16.10899999999674,
          "prompt_tokens": 605
        },
        "t_thread_01_safe_counter": {
          "score": 0.0,
          "tests_passed": 0,
          "tests_total": 6,
          "response_time": 31.93800000002375,
          "prompt_tokens": 765
        }
      }
    },
    "graph": {
      "overall_score": 0.7142857142857143,
      "tier1_score": 0.7142857142857143,
      "tier2_score": 0.0,
      "total_time": 89.54700000002049,
      "total_prompt_tokens": 3807,
      "tests": {
        "t_iter_01_reusable_range": {
          "score": 0.8571428571428571,
          "tests_passed": 6,
          "tests_total": 7,
          "response_time": 9.48399999999674,
          "prompt_tokens": 608
        },
        "t_ctx_01_timer": {
          "score": 1.0,
          "tests_passed": 4,
          "tests_total": 4,
          "response_time": 7.76600000000326,
          "prompt_tokens": 570
        },
        "t_desc_01_typed_field": {
          "score": 0.0,
          "tests_passed": 0,
          "tests_total": 8,
          "response_time": 57.43800000002375,
          "prompt_tokens": 1292
        },
        "t_thread_01_safe_counter": {
          "score": 1.0,
          "tests_passed": 6,
          "tests_total": 6,
          "response_time": 14.85899999999674,
          "prompt_tokens": 1337
        }
      }
    }
  }
}